{
  "nm": "Typing",
  "ddd": 0,
  "h": 64,
  "w": 104,
  "meta": { "g": "@lottiefiles/toolkit-js 0.33.2" },
  "layers": [
    {
      "ty": 4,
      "nm": "dot 2",
      "sr": 1,
      "st": 0,
      "op": 124.000005050624,
      "ip": 0,
      "hd": false,
      "ddd": 0,
      "bm": 0,
      "hasMask": false,
      "ao": 0,
      "ks": {
        "a": { "a": 0, "k": [0, 0, 0], "ix": 1 },
        "s": { "a": 0, "k": [100, 100, 100], "ix": 6 },
        "sk": { "a": 0, "k": 0 },
        "p": {
          "a": 1,
          "k": [
            {
              "o": { "x": 0, "y": 0 },
              "i": { "x": 0.384, "y": 1 },
              "s": [24, 43.5, 0],
              "t": 0,
              "ti": [0, 0, 0],
              "to": [0, -3.33333325386047, 0]
            },
            {
              "o": { "x": 0.596, "y": 0 },
              "i": { "x": 1, "y": 1 },
              "s": [24, 23.5, 0],
              "t": 8,
              "ti": [0, -3.33333325386047, 0],
              "to": [0, 0, 0]
            },
            {
              "o": { "x": 0.167, "y": 0.167 },
              "i": { "x": 0.833, "y": 0.833 },
              "s": [24, 43.5, 0],
              "t": 16,
              "ti": [0, 0, 0],
              "to": [0, 0, 0]
            },
            {
              "o": { "x": 0.167, "y": 0.167 },
              "i": { "x": 0.833, "y": 0.833 },
              "s": [24, 40.5, 0],
              "t": 19,
              "ti": [0, 0, 0],
              "to": [0, 0, 0]
            },
            {
              "o": { "x": 0.167, "y": 0.167 },
              "i": { "x": 0.833, "y": 0.833 },
              "s": [24, 43.5, 0],
              "t": 22,
              "ti": [0, 0, 0],
              "to": [0, 0, 0]
            },
            {
              "o": { "x": 0, "y": 0 },
              "i": { "x": 0.384, "y": 1 },
              "s": [24, 43.5, 0],
              "t": 40,
              "ti": [0, 0, 0],
              "to": [0, -3.33333325386047, 0]
            },
            {
              "o": { "x": 0.596, "y": 0 },
              "i": { "x": 1, "y": 1 },
              "s": [24, 23.5, 0],
              "t": 48,
              "ti": [0, -3.33333325386047, 0],
              "to": [0, 0, 0]
            },
            {
              "o": { "x": 0.167, "y": 0.167 },
              "i": { "x": 0.833, "y": 0.833 },
              "s": [24, 43.5, 0],
              "t": 56,
              "ti": [0, 0, 0],
              "to": [0, 0, 0]
            },
            {
              "o": { "x": 0.167, "y": 0.167 },
              "i": { "x": 0.833, "y": 0.833 },
              "s": [24, 40.5, 0],
              "t": 59,
              "ti": [0, 0, 0],
              "to": [0, 0, 0]
            },
            { "s": [24, 43.5, 0], "t": 62.0000025253118 }
          ],
          "ix": 2
        },
        "r": { "a": 0, "k": 0, "ix": 10 },
        "sa": { "a": 0, "k": 0 },
        "o": { "a": 0, "k": 100, "ix": 11 }
      },
      "ef": [],
      "shapes": [
        {
          "ty": "gr",
          "bm": 0,
          "hd": false,
          "mn": "ADBE Vector Group",
          "nm": "Ellipse 1",
          "ix": 1,
          "cix": 2,
          "np": 2,
          "it": [
            {
              "ty": "el",
              "bm": 0,
              "hd": false,
              "mn": "ADBE Vector Shape - Ellipse",
              "nm": "Ellipse Path 1",
              "d": 1,
              "p": { "a": 0, "k": [0, 0], "ix": 3 },
              "s": { "a": 0, "k": [17.988, 17.988], "ix": 2 }
            },
            {
              "ty": "fl",
              "bm": 0,
              "hd": false,
              "mn": "ADBE Vector Graphic - Fill",
              "nm": "Fill 1",
              "c": { "a": 0, "k": [0.1922, 0.8078, 0.6667], "ix": 4 },
              "r": 1,
              "o": { "a": 0, "k": 100, "ix": 5 }
            },
            {
              "ty": "tr",
              "a": { "a": 0, "k": [0, 0], "ix": 1 },
              "s": { "a": 0, "k": [100, 100], "ix": 3 },
              "sk": { "a": 0, "k": 0, "ix": 4 },
              "p": { "a": 0, "k": [-1.5, -0.5], "ix": 2 },
              "r": { "a": 0, "k": 0, "ix": 6 },
              "sa": { "a": 0, "k": 0, "ix": 5 },
              "o": { "a": 0, "k": 100, "ix": 7 }
            }
          ]
        }
      ],
      "ind": 1
    },
    {
      "ty": 4,
      "nm": "dot 3",
      "sr": 1,
      "st": 0,
      "op": 124.000005050624,
      "ip": 0,
      "hd": false,
      "ddd": 0,
      "bm": 0,
      "hasMask": false,
      "ao": 0,
      "ks": {
        "a": { "a": 0, "k": [-62, 0, 0], "ix": 1 },
        "s": { "a": 0, "k": [100, 100, 100], "ix": 6 },
        "sk": { "a": 0, "k": 0 },
        "p": {
          "a": 1,
          "k": [
            {
              "o": { "x": 0, "y": 0 },
              "i": { "x": 0.384, "y": 1 },
              "s": [24, 43.5, 0],
              "t": 4,
              "ti": [0, 0, 0],
              "to": [0, -3.33333325386047, 0]
            },
            {
              "o": { "x": 0.596, "y": 0 },
              "i": { "x": 1, "y": 1 },
              "s": [24, 23.5, 0],
              "t": 12,
              "ti": [0, -3.33333325386047, 0],
              "to": [0, 0, 0]
            },
            {
              "o": { "x": 0.167, "y": 0.167 },
              "i": { "x": 0.833, "y": 0.833 },
              "s": [24, 43.5, 0],
              "t": 20,
              "ti": [0, 0, 0],
              "to": [0, 0, 0]
            },
            {
              "o": { "x": 0.167, "y": 0.167 },
              "i": { "x": 0.833, "y": 0.833 },
              "s": [24, 40.5, 0],
              "t": 23,
              "ti": [0, 0, 0],
              "to": [0, 0, 0]
            },
            {
              "o": { "x": 0.167, "y": 0.167 },
              "i": { "x": 0.833, "y": 0.833 },
              "s": [24, 43.5, 0],
              "t": 26,
              "ti": [0, 0, 0],
              "to": [0, 0, 0]
            },
            {
              "o": { "x": 0, "y": 0 },
              "i": { "x": 0.384, "y": 1 },
              "s": [24, 43.5, 0],
              "t": 44,
              "ti": [0, 0, 0],
              "to": [0, -3.33333325386047, 0]
            },
            {
              "o": { "x": 0.596, "y": 0 },
              "i": { "x": 1, "y": 1 },
              "s": [24, 23.5, 0],
              "t": 52,
              "ti": [0, -3.33333325386047, 0],
              "to": [0, 0, 0]
            },
            {
              "o": { "x": 0.167, "y": 0.167 },
              "i": { "x": 0.833, "y": 0.833 },
              "s": [24, 43.5, 0],
              "t": 60,
              "ti": [0, 0, 0],
              "to": [0, 0, 0]
            },
            {
              "o": { "x": 0.167, "y": 0.167 },
              "i": { "x": 0.833, "y": 0.833 },
              "s": [24, 40.5, 0],
              "t": 63,
              "ti": [0, 0, 0],
              "to": [0, 0, 0]
            },
            { "s": [24, 43.5, 0], "t": 66.0000026882351 }
          ],
          "ix": 2
        },
        "r": { "a": 0, "k": 0, "ix": 10 },
        "sa": { "a": 0, "k": 0 },
        "o": { "a": 0, "k": 100, "ix": 11 }
      },
      "ef": [],
      "shapes": [
        {
          "ty": "gr",
          "bm": 0,
          "hd": false,
          "mn": "ADBE Vector Group",
          "nm": "Ellipse 1",
          "ix": 1,
          "cix": 2,
          "np": 2,
          "it": [
            {
              "ty": "el",
              "bm": 0,
              "hd": false,
              "mn": "ADBE Vector Shape - Ellipse",
              "nm": "Ellipse Path 1",
              "d": 1,
              "p": { "a": 0, "k": [0, 0], "ix": 3 },
              "s": { "a": 0, "k": [17.988, 17.988], "ix": 2 }
            },
            {
              "ty": "fl",
              "bm": 0,
              "hd": false,
              "mn": "ADBE Vector Graphic - Fill",
              "nm": "Fill 1",
              "c": { "a": 0, "k": [0.1922, 0.8078, 0.6667], "ix": 4 },
              "r": 1,
              "o": { "a": 0, "k": 100, "ix": 5 }
            },
            {
              "ty": "tr",
              "a": { "a": 0, "k": [0, 0], "ix": 1 },
              "s": { "a": 0, "k": [100, 100], "ix": 3 },
              "sk": { "a": 0, "k": 0, "ix": 4 },
              "p": { "a": 0, "k": [-1.5, -0.5], "ix": 2 },
              "r": { "a": 0, "k": 0, "ix": 6 },
              "sa": { "a": 0, "k": 0, "ix": 5 },
              "o": { "a": 0, "k": 100, "ix": 7 }
            }
          ]
        }
      ],
      "ind": 2
    },
    {
      "ty": 4,
      "nm": "dot",
      "sr": 1,
      "st": 0,
      "op": 124.000005050624,
      "ip": 0,
      "hd": false,
      "ddd": 0,
      "bm": 0,
      "hasMask": false,
      "ao": 0,
      "ks": {
        "a": { "a": 0, "k": [-31, 0, 0], "ix": 1 },
        "s": { "a": 0, "k": [100, 100, 100], "ix": 6 },
        "sk": { "a": 0, "k": 0 },
        "p": {
          "a": 1,
          "k": [
            {
              "o": { "x": 0, "y": 0 },
              "i": { "x": 0.384, "y": 1 },
              "s": [24, 43.5, 0],
              "t": 2,
              "ti": [0, 0, 0],
              "to": [0, -3.33333325386047, 0]
            },
            {
              "o": { "x": 0.596, "y": 0 },
              "i": { "x": 1, "y": 1 },
              "s": [24, 23.5, 0],
              "t": 10,
              "ti": [0, -3.33333325386047, 0],
              "to": [0, 0, 0]
            },
            {
              "o": { "x": 0.167, "y": 0.167 },
              "i": { "x": 0.833, "y": 0.833 },
              "s": [24, 43.5, 0],
              "t": 18,
              "ti": [0, 0, 0],
              "to": [0, 0, 0]
            },
            {
              "o": { "x": 0.167, "y": 0.167 },
              "i": { "x": 0.833, "y": 0.833 },
              "s": [24, 40.5, 0],
              "t": 21,
              "ti": [0, 0, 0],
              "to": [0, 0, 0]
            },
            {
              "o": { "x": 0.167, "y": 0.167 },
              "i": { "x": 0.833, "y": 0.833 },
              "s": [24, 43.5, 0],
              "t": 24,
              "ti": [0, 0, 0],
              "to": [0, 0, 0]
            },
            {
              "o": { "x": 0, "y": 0 },
              "i": { "x": 0.384, "y": 1 },
              "s": [24, 43.5, 0],
              "t": 42,
              "ti": [0, 0, 0],
              "to": [0, -3.33333325386047, 0]
            },
            {
              "o": { "x": 0.596, "y": 0 },
              "i": { "x": 1, "y": 1 },
              "s": [24, 23.5, 0],
              "t": 50,
              "ti": [0, -3.33333325386047, 0],
              "to": [0, 0, 0]
            },
            {
              "o": { "x": 0.167, "y": 0.167 },
              "i": { "x": 0.833, "y": 0.833 },
              "s": [24, 43.5, 0],
              "t": 58,
              "ti": [0, 0, 0],
              "to": [0, 0, 0]
            },
            {
              "o": { "x": 0.167, "y": 0.167 },
              "i": { "x": 0.833, "y": 0.833 },
              "s": [24, 40.5, 0],
              "t": 61,
              "ti": [0, 0, 0],
              "to": [0, 0, 0]
            },
            { "s": [24, 43.5, 0], "t": 64.0000026067734 }
          ],
          "ix": 2
        },
        "r": { "a": 0, "k": 0, "ix": 10 },
        "sa": { "a": 0, "k": 0 },
        "o": { "a": 0, "k": 100, "ix": 11 }
      },
      "ef": [],
      "shapes": [
        {
          "ty": "gr",
          "bm": 0,
          "hd": false,
          "mn": "ADBE Vector Group",
          "nm": "Ellipse 1",
          "ix": 1,
          "cix": 2,
          "np": 2,
          "it": [
            {
              "ty": "el",
              "bm": 0,
              "hd": false,
              "mn": "ADBE Vector Shape - Ellipse",
              "nm": "Ellipse Path 1",
              "d": 1,
              "p": { "a": 0, "k": [0, 0], "ix": 3 },
              "s": { "a": 0, "k": [17.988, 17.988], "ix": 2 }
            },
            {
              "ty": "fl",
              "bm": 0,
              "hd": false,
              "mn": "ADBE Vector Graphic - Fill",
              "nm": "Fill 1",
              "c": { "a": 0, "k": [0.1922, 0.8078, 0.6667], "ix": 4 },
              "r": 1,
              "o": { "a": 0, "k": 100, "ix": 5 }
            },
            {
              "ty": "tr",
              "a": { "a": 0, "k": [0, 0], "ix": 1 },
              "s": { "a": 0, "k": [100, 100], "ix": 3 },
              "sk": { "a": 0, "k": 0, "ix": 4 },
              "p": { "a": 0, "k": [-1.5, -0.5], "ix": 2 },
              "r": { "a": 0, "k": 0, "ix": 6 },
              "sa": { "a": 0, "k": 0, "ix": 5 },
              "o": { "a": 0, "k": 100, "ix": 7 }
            }
          ]
        }
      ],
      "ind": 3
    }
  ],
  "v": "4.10.1",
  "fr": 29.9700012207031,
  "op": 124.000005050624,
  "ip": 0,
  "assets": []
}
